{"extensionType":"field_faas","i18nMap":{"zh-CN":{"ip":"IP 地址","ipLocation":"IP 归属地","isp":"运营商"},"en-US":{"ip":"IP Address","ipLocation":"IP Location","isp":"ISP"},"ja-JP":{"ip":"IPアドレス","ipLocation":"IP所在地","isp":"通信事業者"}},"fields":[{"fieldType":25,"uiSchema":{"fieldsConfigEditor":{"component":"OpenFieldMetaEditor","props":{"schema":{"items":[{"key":"ip","label":"${{ip}}","component":"FieldSelect","props":{"supportType":[1]},"validator":{"required":true}}]}}}},"presetFieldConfig":{"fieldProperty":{"propertyType":25,"icon":{"light":"https://lf3-static.bytednsdoc.com/obj/eden-cn/eqgeh7upeubqnulog/chatbot.svg"},"properties":[{"key":"id","title":"id","hidden":true,"propertyType":1},{"key":"primaryProperty","title":"${{ipLocation}}","propertyType":1},{"key":"isp","title":"${{isp}}","propertyType":1}]},"externalEditorConfig":{}}}]}